{
  "features_used": [
    [
      2
    ],
    [
      2,
      6
    ],
    [
      2,
      6,
      3
    ],
    [
      2,
      6,
      3,
      0
    ],
    [
      2,
      6,
      3,
      0,
      1
    ],
    [
      2,
      6,
      3,
      0,
      1,
      4
    ],
    [
      2,
      6,
      3,
      0,
      1,
      4,
      5
    ]
  ],
  "svm_scores": [
    0.49409523809523803,
    0.6188095238095238,
    0.7884285714285715,
    0.8095714285714286,
    0.8453809523809523,
    0.8463809523809523,
    0.8545238095238095
  ],
  "crf_scores": [
    0.899952380952381,
    0.9583809523809523,
    0.9682380952380952,
    0.974047619047619,
    0.9774761904761905,
    0.9797142857142858,
    0.9794761904761905
  ]
}