{
  "features_used": [
    [
      2
    ],
    [
      2,
      6
    ],
    [
      2,
      6,
      3
    ],
    [
      2,
      6,
      3,
      0
    ],
    [
      2,
      6,
      3,
      0,
      1
    ],
    [
      2,
      6,
      3,
      0,
      1,
      4
    ],
    [
      2,
      6,
      3,
      0,
      1,
      4,
      5
    ]
  ],
  "svm_scores": [
    0.49409523809523803,
    0.6188095238095238,
    0.7884285714285715,
    0.8095714285714286,
    0.8453809523809523,
    0.8463809523809523,
    0.8545238095238095
  ],
  "crf_scores": [
    0.9020952380952381,
    0.9573333333333334,
    0.9682857142857143,
    0.9732857142857143,
    0.9767619047619047,
    0.9787142857142858,
    0.9812857142857143
  ]
}