{
  "features_used": [
    [
      2
    ],
    [
      2,
      6
    ],
    [
      2,
      6,
      3
    ],
    [
      2,
      6,
      3,
      0
    ],
    [
      2,
      6,
      3,
      0,
      1
    ],
    [
      2,
      6,
      3,
      0,
      1,
      4
    ],
    [
      2,
      6,
      3,
      0,
      1,
      4,
      5
    ]
  ],
  "svm_scores": [
    0.49409523809523803,
    0.6188095238095238,
    0.7884285714285715,
    0.8095714285714286,
    0.8453809523809523,
    0.8463809523809523,
    0.8545238095238095
  ],
  "crf_scores": [
    0.9428571428571428,
    0.9833333333333333,
    0.9872857142857143,
    0.9895714285714285,
    0.9927142857142857,
    0.9930476190476191,
    0.9932380952380953
  ]
}