{
  "svm_score": 0.8545238095238095,
  "crf_score": 0.9807619047619047
}