{
  "method_names": [
    "OneSlackSSVM",
    "NSlackSSVM",
    "FrankWolfeSSVM"
  ],
  "one_slack_score": 0.9886666666666667,
  "n_slack_score": 0.9843809523809524,
  "frankwolfe_score": 0.9931428571428571
}