{
  "method_names": [
    "OneSlackSSVM",
    "NSlackSSVM",
    "FrankWolfeSSVM"
  ],
  "one_slack_score": 0.8791428571428571,
  "n_slack_score": 0.8813809523809524,
  "frankwolfe_score": 0.9803809523809524
}