{
  "sigmas": [
    0.0,
    0.1,
    0.2,
    0.30000000000000004,
    0.4,
    0.5,
    0.6000000000000001,
    0.7000000000000001,
    0.8,
    0.9,
    1.0,
    1.1,
    1.2000000000000002,
    1.3,
    1.4000000000000001,
    1.5,
    1.6,
    1.7000000000000002,
    1.8,
    1.9000000000000001,
    2.0,
    2.1,
    2.2,
    2.3000000000000003,
    2.4000000000000004,
    2.5,
    2.6,
    2.7,
    2.8000000000000003,
    2.9000000000000004
  ],
  "svm_scores": [
    0.8545238095238095,
    0.7830952380952381,
    0.6795714285714286,
    0.5911428571428572,
    0.5418571428571428,
    0.5080476190476191,
    0.4694285714285714,
    0.45666666666666667,
    0.4385714285714286,
    0.42628571428571427,
    0.4197619047619048,
    0.40447619047619054,
    0.3946666666666666,
    0.39361904761904754,
    0.3910476190476191,
    0.39180952380952383,
    0.3791428571428571,
    0.3817142857142857,
    0.38109523809523804,
    0.3724761904761905,
    0.3705238095238095,
    0.3671428571428571,
    0.36557142857142855,
    0.36738095238095236,
    0.36757142857142866,
    0.36738095238095236,
    0.36190476190476195,
    0.3588095238095238,
    0.36823809523809525,
    0.3655238095238095
  ],
  "crf_scores": [
    0.9822380952380952,
    0.9753333333333334,
    0.9632857142857143,
    0.9490952380952381,
    0.9314761904761905,
    0.924952380952381,
    0.9141904761904762,
    0.9027142857142857,
    0.9033809523809524,
    0.8977142857142857,
    0.8956666666666666,
    0.8891428571428571,
    0.8869523809523809,
    0.8789047619047619,
    0.882095238095238,
    0.8776190476190476,
    0.8744285714285714,
    0.8790952380952382,
    0.8787619047619047,
    0.8708095238095238,
    0.8721904761904762,
    0.867,
    0.8675714285714285,
    0.8663809523809524,
    0.8656666666666667,
    0.8673809523809524,
    0.8597619047619047,
    0.8626190476190476,
    0.8583333333333334,
    0.860095238095238
  ]
}