{
  "sigmas": [
    0.0,
    0.1,
    0.2,
    0.30000000000000004,
    0.4,
    0.5,
    0.6000000000000001,
    0.7000000000000001,
    0.8,
    0.9,
    1.0,
    1.1,
    1.2000000000000002,
    1.3,
    1.4000000000000001,
    1.5,
    1.6,
    1.7000000000000002,
    1.8,
    1.9000000000000001,
    2.0,
    2.1,
    2.2,
    2.3000000000000003,
    2.4000000000000004,
    2.5,
    2.6,
    2.7,
    2.8000000000000003,
    2.9000000000000004
  ],
  "svm_scores": [
    0.8545238095238095,
    0.7897142857142857,
    0.6847619047619047,
    0.5962857142857143,
    0.5451428571428572,
    0.49957142857142856,
    0.4758095238095238,
    0.45180952380952377,
    0.435952380952381,
    0.43547619047619046,
    0.41747619047619045,
    0.4104285714285715,
    0.39814285714285713,
    0.40109523809523806,
    0.395904761904762,
    0.393,
    0.3857142857142857,
    0.3771428571428571,
    0.37790476190476185,
    0.37676190476190474,
    0.37409523809523804,
    0.3676666666666666,
    0.36452380952380947,
    0.37171428571428566,
    0.3698095238095238,
    0.3659523809523809,
    0.35823809523809524,
    0.3594761904761905,
    0.3568095238095238,
    0.35590476190476195
  ],
  "crf_scores": [
    0.9794285714285714,
    0.9747619047619047,
    0.9647142857142857,
    0.946952380952381,
    0.9322380952380952,
    0.921,
    0.9129047619047619,
    0.9031904761904762,
    0.8982857142857142,
    0.8964761904761904,
    0.8933333333333333,
    0.889095238095238,
    0.8866190476190476,
    0.887,
    0.8808095238095238,
    0.8832857142857142,
    0.8819523809523809,
    0.8776666666666667,
    0.8802857142857143,
    0.8699523809523809,
    0.8732380952380953,
    0.868095238095238,
    0.8696666666666667,
    0.8634285714285714,
    0.8665238095238095,
    0.862904761904762,
    0.8576190476190476,
    0.8611428571428571,
    0.8577619047619047,
    0.8562380952380952
  ]
}