{
  "svm_score": 0.3556666666666667,
  "crf_score": 0.8641904761904762
}