{
  "sigmas": [
    0.0,
    0.1,
    0.2,
    0.30000000000000004,
    0.4,
    0.5,
    0.6000000000000001,
    0.7000000000000001,
    0.8,
    0.9,
    1.0,
    1.1,
    1.2000000000000002,
    1.3,
    1.4000000000000001,
    1.5,
    1.6,
    1.7000000000000002,
    1.8,
    1.9000000000000001,
    2.0,
    2.1,
    2.2,
    2.3000000000000003,
    2.4000000000000004,
    2.5,
    2.6,
    2.7,
    2.8000000000000003,
    2.9000000000000004
  ],
  "svm_scores": [
    0.8545238095238095,
    0.7893809523809524,
    0.6782380952380952,
    0.5957142857142856,
    0.5455238095238095,
    0.5033809523809523,
    0.4760952380952381,
    0.4535714285714286,
    0.4352380952380952,
    0.42747619047619045,
    0.42095238095238097,
    0.4134285714285715,
    0.40547619047619043,
    0.39661904761904765,
    0.3989047619047619,
    0.3891904761904762,
    0.38390476190476197,
    0.36842857142857144,
    0.38209523809523815,
    0.3738095238095238,
    0.3745238095238095,
    0.36909523809523803,
    0.36709523809523814,
    0.3698095238095238,
    0.36371428571428566,
    0.3661428571428572,
    0.3695238095238095,
    0.3573333333333334,
    0.36042857142857143,
    0.3556666666666667
  ],
  "crf_scores": [
    0.9932380952380953,
    0.9866190476190476,
    0.9754285714285714,
    0.9633809523809523,
    0.951047619047619,
    0.9373809523809524,
    0.928952380952381,
    0.9227619047619048,
    0.9098095238095238,
    0.9085238095238095,
    0.9063333333333333,
    0.9005714285714286,
    0.8991904761904762,
    0.8951428571428571,
    0.896,
    0.8857142857142857,
    0.8903333333333333,
    0.8882857142857143,
    0.8816666666666667,
    0.8771428571428571,
    0.8780476190476191,
    0.8758571428571429,
    0.8777142857142857,
    0.8733809523809524,
    0.8738571428571429,
    0.8674761904761905,
    0.8669047619047618,
    0.8674761904761905,
    0.8686190476190476,
    0.8641904761904762
  ]
}