{
  "svm_score": 0.4357619047619047,
  "crf_score": 0.9007619047619048
}