{
  "sigmas": [
    0.0,
    0.1,
    0.2,
    0.30000000000000004,
    0.4,
    0.5,
    0.6000000000000001,
    0.7000000000000001,
    0.8,
    0.9,
    1.0,
    1.1,
    1.2000000000000002,
    1.3,
    1.4000000000000001,
    1.5,
    1.6,
    1.7000000000000002,
    1.8,
    1.9000000000000001,
    2.0,
    2.1,
    2.2,
    2.3000000000000003,
    2.4000000000000004,
    2.5,
    2.6,
    2.7,
    2.8000000000000003,
    2.9000000000000004
  ],
  "svm_scores": [
    0.8545238095238095,
    0.7847619047619048,
    0.6825238095238095,
    0.5996666666666666,
    0.5398571428571428,
    0.49828571428571433,
    0.4756190476190476,
    0.44866666666666666,
    0.4352857142857143,
    0.42933333333333334,
    0.4165238095238095,
    0.40700000000000003,
    0.4029047619047619,
    0.3961904761904762,
    0.39942857142857136,
    0.3808095238095238,
    0.38461904761904764,
    0.37776190476190474,
    0.38157142857142856,
    0.3808095238095238,
    0.37242857142857133,
    0.36742857142857144,
    0.3721904761904762,
    0.3652857142857142,
    0.3648571428571429,
    0.37409523809523804,
    0.36542857142857144,
    0.3621428571428571,
    0.356095238095238,
    0.3656666666666667
  ],
  "crf_scores": [
    0.9802857142857143,
    0.976047619047619,
    0.959952380952381,
    0.9473809523809524,
    0.9331428571428572,
    0.9218095238095239,
    0.9148095238095239,
    0.9060952380952381,
    0.8991904761904762,
    0.8968571428571429,
    0.8939523809523809,
    0.8916666666666666,
    0.885,
    0.8887619047619048,
    0.8844761904761905,
    0.8834761904761905,
    0.8766190476190476,
    0.8755238095238096,
    0.8733809523809524,
    0.8752857142857143,
    0.8681428571428571,
    0.8696190476190476,
    0.8723809523809524,
    0.8716666666666667,
    0.8662380952380953,
    0.8635714285714285,
    0.862095238095238,
    0.8617142857142858,
    0.8605238095238095,
    0.8592380952380952
  ]
}