{
  "svm_score": 0.4227142857142857,
  "crf_score": 0.8968571428571429
}