{
  "sigmas": [
    0.0,
    0.1,
    0.2,
    0.30000000000000004,
    0.4,
    0.5,
    0.6000000000000001,
    0.7000000000000001,
    0.8,
    0.9,
    1.0,
    1.1,
    1.2000000000000002,
    1.3,
    1.4000000000000001,
    1.5,
    1.6,
    1.7000000000000002,
    1.8,
    1.9000000000000001,
    2.0,
    2.1,
    2.2,
    2.3000000000000003,
    2.4000000000000004,
    2.5,
    2.6,
    2.7,
    2.8000000000000003,
    2.9000000000000004
  ],
  "svm_scores": [
    0.8545238095238095,
    0.7917619047619048,
    0.6771904761904761,
    0.5925714285714285,
    0.5482380952380952,
    0.5001904761904763,
    0.4776190476190476,
    0.4595714285714285,
    0.4403809523809523,
    0.4208571428571428,
    0.40976190476190477,
    0.40514285714285714,
    0.40376190476190477,
    0.39961904761904765,
    0.3957142857142857,
    0.3943333333333333,
    0.3821428571428571,
    0.3855238095238095,
    0.37661904761904763,
    0.38009523809523815,
    0.375,
    0.3808095238095238,
    0.36623809523809514,
    0.37104761904761907,
    0.369,
    0.37042857142857144,
    0.3615238095238096,
    0.3569523809523809,
    0.3626190476190476,
    0.356
  ],
  "crf_scores": [
    0.9806190476190476,
    0.9754285714285714,
    0.9619047619047619,
    0.9467142857142857,
    0.9347619047619048,
    0.9239047619047619,
    0.9157619047619048,
    0.9099047619047619,
    0.904,
    0.8982857142857142,
    0.8903333333333333,
    0.8917142857142857,
    0.8875714285714286,
    0.8912380952380953,
    0.885095238095238,
    0.8810952380952382,
    0.8783809523809524,
    0.8767142857142858,
    0.8750952380952381,
    0.8785714285714286,
    0.8745714285714286,
    0.8716666666666667,
    0.8661904761904762,
    0.8634761904761905,
    0.8657619047619047,
    0.8654285714285714,
    0.8596666666666667,
    0.8581904761904762,
    0.8612380952380952,
    0.8605714285714285
  ]
}