{
  "svm_score": 0.3656666666666667,
  "crf_score": 0.8592380952380952
}