{
  "number_of_samples": [
    105,
    95,
    85,
    75,
    65,
    55,
    45,
    35,
    25,
    15
  ],
  "svm_scores": [
    0.8545238095238095,
    0.8482105263157895,
    0.8405882352941176,
    0.8347333333333333,
    0.8282307692307692,
    0.8224545454545454,
    0.8146666666666667,
    0.8005714285714286,
    0.7822,
    0.7643333333333333
  ],
  "crf_scores": [
    0.9931428571428571,
    0.9929473684210526,
    0.992,
    0.9916666666666667,
    0.9911538461538462,
    0.990909090909091,
    0.99,
    0.9884285714285714,
    0.9866,
    0.9846666666666667
  ]
}