{
  "number_of_samples": [
    105,
    95,
    85,
    75,
    65,
    55,
    45,
    35,
    25,
    15
  ],
  "svm_scores": [
    0.8545238095238095,
    0.8482105263157895,
    0.8405882352941176,
    0.8347333333333333,
    0.8282307692307692,
    0.8224545454545454,
    0.8146666666666667,
    0.8005714285714286,
    0.7822,
    0.7643333333333333
  ],
  "crf_scores": [
    0.9807619047619047,
    0.9768947368421053,
    0.9775882352941176,
    0.9737333333333333,
    0.9718461538461538,
    0.973,
    0.9675555555555555,
    0.9635714285714285,
    0.9586,
    0.9533333333333334
  ]
}