{
  "number_of_samples": [
    105,
    95,
    85,
    75,
    65,
    55,
    45,
    35,
    25,
    15
  ],
  "svm_scores": [
    0.8545238095238095,
    0.8482105263157895,
    0.8405882352941176,
    0.8347333333333333,
    0.8282307692307692,
    0.8224545454545454,
    0.8146666666666667,
    0.8005714285714286,
    0.7822,
    0.7643333333333333
  ],
  "crf_scores": [
    0.9796666666666667,
    0.9773684210526316,
    0.975,
    0.9772,
    0.9733076923076923,
    0.9713636363636363,
    0.967,
    0.9652857142857143,
    0.9496,
    0.954
  ]
}