{
  "svm_score": 0.7643333333333333,
  "crf_score": 0.9846666666666667
}