{
  "number_of_samples": [
    105,
    95,
    85,
    75,
    65,
    55,
    45,
    35,
    25,
    15
  ],
  "svm_scores": [
    0.8545238095238095,
    0.8482105263157895,
    0.8405882352941176,
    0.8347333333333333,
    0.8282307692307692,
    0.8224545454545454,
    0.8146666666666667,
    0.8005714285714286,
    0.7822,
    0.7643333333333333
  ],
  "crf_scores": [
    0.9795714285714285,
    0.9799473684210527,
    0.976,
    0.9754666666666667,
    0.9726153846153847,
    0.9757272727272728,
    0.9671111111111111,
    0.9642857142857143,
    0.9528,
    0.947
  ]
}