{
  "number_of_samples": [
    105,
    95,
    85,
    75,
    65,
    55,
    45,
    35,
    25,
    15
  ],
  "svm_scores": [
    0.8545238095238095,
    0.8482105263157895,
    0.8405882352941176,
    0.8347333333333333,
    0.8282307692307692,
    0.8224545454545454,
    0.8146666666666667,
    0.8005714285714286,
    0.7822,
    0.7643333333333333
  ],
  "crf_scores": [
    0.9804761904761905,
    0.9796842105263158,
    0.9762352941176471,
    0.9730666666666666,
    0.9717692307692307,
    0.969,
    0.9685555555555555,
    0.9628571428571429,
    0.9558,
    0.951
  ]
}