{
  "svm_score": 0.8545238095238095,
  "crf_score": 0.9931904761904762
}